,l_rx,l_ry,r_rx,r_ry
0,276.0,245.0,326,259
1,281.0,249.0,332,263
2,289.0,249.0,339,264
3,295.0,253.0,346,268
4,302.0,260.0,353,276
5,304.0,263.0,354,276
6,305.0,256.0,355,269
7,307.0,252.0,356,268
8,308.0,255.0,357,270
9,309.0,256.0,358,271
10,310.0,256.0,359,270
11,310.0,257.0,359,271
12,309.0,257.0,359,272
13,309.0,257.0,358,271
14,309.0,257.0,358,271
15,308.0,255.0,357,270
16,308.0,255.0,357,270
17,307.0,256.0,356,270
18,307.0,255.0,356,270
19,307.0,255.0,356,269
20,307.0,255.0,357,269
21,307.0,254.0,357,269
22,309.0,253.0,358,267
23,311.0,254.0,361,269
24,312.0,251.0,362,266
25,315.0,248.0,365,262
26,316.0,247.0,365,261
27,314.0,245.0,364,260
28,315.0,248.0,365,263
29,317.0,249.0,367,264
30,317.0,249.0,367,264
31,318.0,249.0,367,264
32,318.0,248.0,367,263
33,319.0,248.0,368,263
34,319.0,248.0,367,262
35,319.0,248.0,368,263
36,318.0,248.0,367,262
37,318.0,248.0,367,262
38,318.0,248.0,367,263
39,319.0,247.0,366,262
40,319.0,248.0,367,263
41,319.0,248.0,367,263
42,320.0,248.0,367,262
43,321.0,248.0,367,262
44,321.0,248.0,368,262
45,322.0,248.0,368,262
46,323.0,247.0,369,262
47,323.0,247.0,369,262
48,324.0,247.0,369,262
49,325.0,247.0,369,262
50,325.0,247.0,370,261
51,326.0,247.0,370,262
52,326.0,247.0,370,262
53,327.0,246.0,371,261
54,328.0,247.0,371,261
55,329.0,247.0,371,262
56,330.0,245.0,372,260
57,331.0,247.0,372,260
58,332.0,246.0,373,261
59,333.0,245.0,373,260
60,334.0,246.0,374,260
61,334.0,245.0,374,260
62,336.0,245.0,375,260
63,337.0,245.0,375,259
64,338.0,245.0,375,260
65,337.0,244.0,373,258
66,329.0,242.0,362,255
67,312.0,233.0,344,245
68,300.0,225.0,334,238
69,297.0,230.0,334,248
70,287.0,241.0,318,258
71,254.0,255.0,280,269
72,219.0,241.0,248,248
73,182.0,221.0,208,236
74,134.0,246.0,165,265
75,105.0,268.0,138,282
76,91.0,264.0,129,275
77,95.0,255.0,134,267
78,109.0,251.0,149,265
79,119.0,254.0,160,267
80,131.0,251.0,171,264
81,140.0,248.0,177,262
82,143.0,247.0,181,260
83,147.0,246.0,184,259
84,150.0,245.0,187,259
85,152.0,246.0,189,260
86,156.0,247.0,192,261
87,159.0,249.0,195,263
88,161.0,250.0,197,263
89,164.0,247.0,201,259
90,168.0,241.0,205,254
91,171.0,239.0,208,253
92,174.0,239.0,211,253
93,175.0,240.0,212,255
94,176.0,242.0,211,256
95,176.0,242.0,211,256
96,176.0,242.0,211,256
97,176.0,242.0,212,255
98,176.0,243.0,212,256
99,178.0,242.0,216,256
100,179.0,243.0,218,256
101,180.0,243.0,218,257
102,183.0,241.0,221,256
103,184.0,242.0,222,255
104,184.0,243.0,222,256
105,185.0,241.0,223,255
106,187.0,242.0,226,255
107,187.0,243.0,226,257
108,189.0,241.0,228,255
109,190.0,243.0,230,256
110,190.0,243.0,230,256
111,191.0,242.0,230,256
112,191.0,244.0,231,257
113,192.0,242.0,233,256
114,193.0,243.0,234,257
115,194.0,243.0,236,257
116,194.0,243.0,236,257
117,195.0,243.0,237,257
118,196.0,244.0,238,258
119,196.0,244.0,239,258
120,197.0,245.0,240,258
121,198.0,244.0,241,257
122,199.0,245.0,242,259
123,198.0,244.0,243,257
124,200.0,242.0,245,256
125,200.0,244.0,245,258
126,200.0,243.0,245,257
127,201.0,244.0,246,258
128,202.0,244.0,248,257
129,203.0,243.0,249,257
130,204.0,244.0,250,258
131,205.0,244.0,251,258
132,206.0,244.0,252,258
133,207.0,245.0,254,259
134,207.0,245.0,255,259
135,208.0,245.0,255,259
136,207.0,245.0,256,259
137,208.0,245.0,256,259
138,208.0,245.0,257,259
139,209.0,245.0,258,259
140,209.0,245.0,258,260
141,210.0,245.0,259,259
142,210.0,245.0,259,259
143,210.0,245.0,260,259
144,211.0,245.0,260,259
145,211.0,245.0,261,259
146,211.0,245.0,261,259
147,212.0,245.0,261,259
148,212.0,245.0,261,259
149,212.0,245.0,262,259
150,212.0,245.0,262,259
151,212.0,245.0,262,259
152,213.0,246.0,263,260
153,220.0,247.0,268,261
154,237.0,246.0,284,260
155,260.0,240.0,307,255
156,277.0,233.0,324,248
157,283.0,233.0,332,247
158,288.0,232.0,336,246
159,289.0,223.0,338,239
160,281.0,218.0,332,234
161,271.0,210.0,322,225
162,263.0,203.0,313,219
163,261.0,198.0,311,212
164,264.0,198.0,313,213
165,263.0,194.0,312,209
166,263.0,188.0,313,203
167,262.0,179.0,312,195
168,259.0,170.0,309,186
169,256.0,168.0,305,184
170,251.0,166.0,301,182
171,244.0,154.0,294,170
172,240.0,154.0,290,169
173,238.0,160.0,288,175
174,235.0,164.0,284,179
175,230.0,164.0,280,179
176,223.0,163.0,273,178
177,223.0,170.0,272,184
178,221.0,181.0,271,195
179,218.0,186.0,268,201
180,213.0,190.0,263,204
181,204.0,196.0,255,210
182,197.0,207.0,246,220
183,190.0,223.0,240,236
184,190.0,231.0,239,244
185,193.0,243.0,242,255
186,204.0,256.0,252,269
187,216.0,261.0,263,275
188,226.0,268.0,274,281
189,234.0,267.0,283,279
190,236.0,280.0,284,292
191,237.0,285.0,284,298
192,238.0,299.0,286,310
193,249.0,316.0,296,328
194,256.0,317.0,304,332
195,252.0,311.0,301,325
196,247.0,312.0,296,325
197,245.0,316.0,294,329
198,247.0,323.0,296,335
199,248.0,332.0,296,345
200,254.0,332.0,302,345
201,261.0,335.0,310,348
202,265.0,337.0,314,350
203,270.0,339.0,319,352
204,277.0,339.0,325,353
205,281.0,336.0,330,351
206,285.0,329.0,334,343
207,286.0,327.0,335,340
208,283.0,327.0,333,341
209,279.0,318.0,328,333
210,277.0,300.0,326,316
211,275.0,292.0,325,307
212,278.0,293.0,327,305
213,284.0,294.0,332,308
214,288.0,284.0,336,299
215,291.0,266.0,339,282
216,295.0,254.0,343,270
217,301.0,252.0,348,267
218,314.0,259.0,360,273
219,328.0,264.0,374,278
220,333.0,255.0,379,272
221,329.0,237.0,377,254
222,317.0,216.0,365,233
223,304.0,215.0,351,230
224,299.0,220.0,345,235
225,305.0,211.0,350,228
226,312.0,196.0,357,213
227,317.0,193.0,363,208
228,317.0,187.0,363,204
229,315.0,175.0,361,192
230,312.0,168.0,358,184
231,308.0,173.0,354,188
232,299.0,167.0,346,183
233,286.0,163.0,333,179
234,268.0,152.0,316,169
235,247.0,142.0,296,159
236,237.0,149.0,286,165
237,239.0,142.0,286,159
238,234.0,133.0,281,150
239,241.0,136.0,287,152
240,244.0,143.0,290,159
241,245.0,144.0,291,160
242,244.0,139.0,291,156
243,243.0,136.0,290,153
244,240.0,138.0,288,154
245,236.0,145.0,283,160
246,235.0,155.0,282,170
247,232.0,166.0,279,180
248,224.0,178.0,272,192
249,209.0,176.0,258,192
250,191.0,167.0,241,183
251,176.0,171.0,226,185
252,164.0,182.0,214,196
253,161.0,196.0,208,210
254,163.0,206.0,211,219
255,170.0,216.0,217,228
256,178.0,233.0,225,245
257,187.0,239.0,234,253
258,196.0,243.0,243,256
259,197.0,262.0,245,273
260,191.0,284.0,241,295
261,184.0,278.0,232,293
262,175.0,278.0,223,291
263,167.0,284.0,216,296
264,160.0,294.0,210,307
265,154.0,309.0,204,319
266,147.0,329.0,196,340
267,146.0,334.0,194,349
268,154.0,333.0,201,346
269,174.0,329.0,220,341
270,194.0,341.0,240,353
271,211.0,353.0,257,364
272,220.0,364.0,267,376
273,223.0,358.0,269,373
274,224.0,352.0,271,367
275,228.0,348.0,276,361
276,230.0,358.0,278,370
277,236.0,364.0,283,377
278,248.0,359.0,294,373
279,260.0,353.0,306,367
280,272.0,348.0,318,362
281,284.0,344.0,330,358
282,295.0,341.0,341,355
283,291.0,341.0,340,356
284,289.0,329.0,337,344
285,286.0,316.0,334,329
286,282.0,309.0,330,324
287,275.0,299.0,323,314
288,270.0,287.0,317,301
289,268.0,280.0,316,295
290,269.0,266.0,316,280
291,272.0,248.0,320,266
292,278.0,243.0,326,257
293,292.0,233.0,338,247
294,303.0,230.0,349,245
295,318.0,216.0,363,232
296,331.0,210.0,377,227
297,332.0,206.0,380,221
298,319.0,196.0,370,213
299,301.0,184.0,351,200
300,282.0,177.0,332,192
301,264.0,181.0,314,196
302,244.0,176.0,294,192
303,234.0,174.0,281,188
304,225.0,175.0,272,191
305,211.0,179.0,261,196
306,202.0,187.0,252,202
307,194.0,195.0,241,213
308,183.0,209.0,235,224
309,193.0,230.0,244,241
310,198.0,241.0,253,256
311,212.0,243.0,264,260
312,217.0,250.0,268,265
313,216.0,270.0,265,291
314,217.0,295.0,269,310
315,222.0,303.0,272,318
316,232.0,304.0,283,318
317,246.0,311.0,300,322
318,264.0,299.0,314,313
319,272.0,293.0,319,304
320,269.0,285.0,318,297
321,274.0,273.0,322,286
322,275.0,271.0,323,283
323,276.0,261.0,324,272
324,277.0,258.0,326,268
325,278.0,250.0,327,262
326,279.0,238.0,327,249
327,275.0,219.0,322,231
328,266.0,203.0,312,215
329,252.0,197.0,296,213
330,240.0,204.0,286,222
331,232.0,214.0,279,230
332,225.0,214.0,274,228
333,222.0,215.0,271,230
334,218.0,222.0,267,240
335,215.0,232.0,263,249
336,213.0,247.0,264,263
337,210.0,259.0,259,277
338,207.0,269.0,258,278
339,213.0,261.0,265,275
340,221.0,269.0,274,284
341,234.0,283.0,287,299
342,249.0,291.0,301,305
343,262.0,286.0,313,299
344,275.0,283.0,326,296
345,280.0,277.0,327,289
346,272.0,270.0,318,280
347,261.0,254.0,305,264
348,247.0,232.0,292,240
349,236.0,209.0,283,218
350,238.0,202.0,288,222
351,249.0,215.0,301,233
352,267.0,231.0,320,250
353,288.0,244.0,339,260
354,299.0,246.0,345,259
355,294.0,243.0,339,259
356,284.0,243.0,330,257
357,277.0,255.0,323,272
358,269.0,259.0,318,273
359,266.0,253.0,315,263
360,266.0,243.0,314,257
361,268.0,242.0,318,257
362,274.0,246.0,325,259
363,280.0,246.0,330,260
364,286.0,244.0,338,257
365,295.0,242.0,346,255
366,305.0,239.0,356,254
367,314.0,242.0,366,258
368,327.0,248.0,378,265
369,336.0,254.0,386,270
370,343.0,271.0,392,291
371,346.0,287.0,394,304
372,344.0,298.0,392,318
373,342.0,317.0,388,335
374,335.0,329.0,383,346
375,330.0,337.0,376,352
376,323.0,341.0,368,357
377,313.0,341.0,359,355
378,301.0,342.0,346,355
379,284.0,341.0,327,355
380,269.0,341.0,313,355
381,252.0,342.0,295,356
382,231.0,343.0,276,356
383,215.0,344.0,262,357
384,201.0,343.0,247,355
385,188.0,340.0,235,351
386,180.0,334.0,227,345
387,173.0,328.0,220,339
388,166.0,319.0,215,330
389,161.0,316.0,210,327
390,156.0,308.0,204,317
391,150.0,294.0,200,304
392,147.0,281.0,198,292
393,145.0,274.0,196,285
394,145.0,265.0,196,276
395,144.0,241.0,195,252
396,142.0,223.0,194,233
397,146.0,211.0,198,224
398,151.0,212.0,206,224
399,164.0,201.0,218,216
400,177.0,196.0,232,210
401,194.0,190.0,250,205
402,211.0,188.0,264,204
403,226.0,189.0,280,205
404,247.0,195.0,300,212
405,261.0,201.0,314,217
406,274.0,206.0,327,221
407,287.0,210.0,337,226
408,295.0,221.0,346,238
409,302.0,227.0,352,243
410,305.0,236.0,354,253
411,306.0,246.0,355,263
412,307.0,254.0,354,272
413,306.0,263.0,354,279
414,303.0,276.0,352,296
415,302.0,299.0,348,320
416,299.0,324.0,346,342
417,294.0,331.0,342,347
418,291.0,335.0,337,349
419,286.0,335.0,331,354
420,274.0,347.0,319,362
421,259.0,351.0,305,364
422,242.0,348.0,288,360
423,227.0,345.0,273,357
424,215.0,342.0,261,355
425,199.0,340.0,242,352
426,181.0,337.0,225,348
427,164.0,331.0,210,344
428,149.0,330.0,197,341
429,137.0,326.0,187,339
430,126.0,323.0,175,334
431,121.0,320.0,169,331
432,116.0,308.0,165,318
433,111.0,302.0,162,315
434,109.0,288.0,160,303
435,104.0,266.0,156,282
436,103.0,251.0,155,266
437,102.0,241.0,154,256
438,103.0,240.0,155,254
439,106.0,242.0,157,256
440,107.0,241.0,159,255
441,110.0,238.0,162,252
442,113.0,229.0,166,246
443,120.0,213.0,172,228
444,126.0,205.0,177,220
445,130.0,207.0,181,222
446,133.0,206.0,185,220
447,137.0,200.0,189,216
448,143.0,192.0,194,207
449,150.0,191.0,201,205
450,165.0,194.0,215,209
451,181.0,196.0,231,210
452,194.0,197.0,244,212
453,206.0,188.0,255,204
454,215.0,190.0,265,205
455,220.0,198.0,270,211
456,222.0,206.0,272,219
457,222.0,210.0,272,224
458,221.0,216.0,272,230
459,220.0,223.0,272,237
460,222.0,228.0,271,240
461,218.0,258.0,270,271
462,218.0,270.0,268,281
463,219.0,300.0,270,312
464,222.0,307.0,272,320
465,227.0,315.0,276,328
466,233.0,319.0,282,331
467,238.0,322.0,287,335
468,240.0,334.0,289,346
469,242.0,343.0,291,355
470,242.0,350.0,292,363
471,238.0,365.0,288,377
472,234.0,370.0,285,382
473,228.0,374.0,279,387
474,220.0,371.0,270,384
475,208.0,368.0,259,382
476,194.0,368.0,245,381
477,181.0,365.0,232,379
478,165.0,364.0,216,378
479,154.0,361.0,205,374
480,145.0,358.0,196,372
481,132.0,354.0,184,367
482,124.0,349.0,175,362
483,113.0,344.0,164,357
484,103.0,336.0,155,350
485,96.0,318.0,147,332
486,88.0,310.0,140,324
487,87.0,299.0,139,313
488,84.0,293.0,136,307
489,83.0,274.0,135,290
490,83.0,256.0,135,272
491,86.0,247.0,137,260
492,88.0,235.0,140,250
493,90.0,229.0,143,244
494,96.0,216.0,149,232
495,104.0,197.0,157,214
496,113.0,188.0,165,204
497,119.0,187.0,171,202
498,125.0,176.0,177,193
499,131.0,169.0,183,185
500,141.0,161.0,192,178
501,149.0,160.0,200,177
502,164.0,153.0,215,169
503,178.0,152.0,228,168
504,192.0,154.0,242,169
505,208.0,155.0,259,171
506,225.0,157.0,274,172
507,247.0,158.0,295,173
508,258.0,163.0,306,178
509,275.0,170.0,324,185
510,288.0,176.0,337,189
511,297.0,188.0,346,202
512,302.0,201.0,351,215
513,302.0,213.0,351,227
514,303.0,226.0,352,238
515,300.0,246.0,349,258
516,298.0,265.0,348,277
517,294.0,277.0,343,290
518,291.0,291.0,340,303
519,287.0,296.0,336,310
520,282.0,300.0,332,313
521,278.0,304.0,327,317
522,273.0,313.0,323,325
523,270.0,322.0,319,334
524,266.0,327.0,315,340
525,261.0,333.0,311,345
526,256.0,348.0,306,360
527,251.0,357.0,300,370
528,245.0,361.0,295,374
529,238.0,362.0,287,376
530,232.0,361.0,281,375
531,222.0,360.0,273,374
532,210.0,364.0,261,376
533,197.0,367.0,247,379
534,183.0,365.0,234,378
535,168.0,364.0,219,377
536,154.0,359.0,206,373
537,144.0,351.0,195,365
538,140.0,344.0,190,357
539,139.0,338.0,189,351
540,138.0,337.0,189,350
541,137.0,336.0,188,349
542,127.0,333.0,180,346
543,114.0,322.0,167,335
544,101.0,315.0,152,328
545,87.0,310.0,139,323
546,73.0,288.0,126,305
547,61.0,279.0,113,292
548,62.0,273.0,113,286
549,60.0,276.0,112,290
550,63.0,272.0,115,287
551,70.0,254.0,121,269
552,79.0,248.0,129,263
553,99.0,241.0,149,255
554,120.0,235.0,169,250
555,141.0,230.0,191,245
556,158.0,216.0,208,231
557,164.0,209.0,215,224
558,168.0,198.0,220,213
559,172.0,192.0,223,207
560,181.0,194.0,232,208
561,191.0,197.0,241,211
562,203.0,200.0,253,215
563,216.0,204.0,266,218
564,229.0,217.0,279,229
565,244.0,227.0,292,240
566,251.0,235.0,299,248
567,256.0,260.0,305,272
568,259.0,277.0,309,289
569,259.0,289.0,309,302
570,256.0,293.0,306,306
571,246.0,299.0,296,312
572,233.0,302.0,284,314
573,215.0,300.0,270,313
574,196.0,300.0,249,313
575,172.0,297.0,224,310
576,150.0,294.0,205,308
577,132.0,283.0,186,297
578,118.0,274.0,171,289
579,110.0,254.0,164,268
580,107.0,245.0,158,259
581,110.0,237.0,162,252
582,122.0,229.0,173,244
583,142.0,224.0,190,238
584,166.0,224.0,215,238
585,191.0,230.0,239,244
586,211.0,236.0,260,250
587,224.0,241.0,274,254
588,232.0,255.0,282,268
589,231.0,265.0,282,278
590,222.0,267.0,272,281
591,211.0,266.0,262,280
592,197.0,264.0,250,278
593,179.0,264.0,233,278
594,157.0,262.0,210,276
595,139.0,254.0,193,267
596,126.0,241.0,179,256
597,117.0,231.0,170,244
598,116.0,230.0,168,243
599,124.0,228.0,176,243
600,142.0,219.0,192,233
601,159.0,216.0,209,230
602,175.0,219.0,224,232
603,191.0,226.0,240,240
604,202.0,229.0,253,243
605,214.0,228.0,264,242
606,226.0,228.0,275,242
607,242.0,231.0,290,245
608,256.0,232.0,305,246
609,269.0,230.0,318,245
610,286.0,224.0,335,239
611,294.0,218.0,342,233
612,297.0,219.0,347,233
613,299.0,225.0,349,238
614,293.0,245.0,344,257
615,284.0,255.0,335,269
616,276.0,248.0,327,264
617,270.0,233.0,320,249
618,271.0,225.0,320,238
619,277.0,231.0,326,243
620,291.0,244.0,338,258
621,307.0,232.0,355,247
622,313.0,224.0,368,232
623,316.0,233.0,366,254
624,306.0,264.0,355,280
625,295.0,276.0,344,292
626,285.0,280.0,331,291
627,275.0,277.0,320,291
628,265.0,274.0,313,285
629,258.0,273.0,308,285
630,259.0,266.0,308,280
631,257.0,274.0,307,286
632,256.0,288.0,306,306
633,258.0,298.0,307,309
634,253.0,295.0,302,309
635,257.0,299.0,305,313
636,252.0,300.0,297,312
637,237.0,294.0,284,306
638,230.0,286.0,278,298
639,229.0,283.0,277,298
640,229.0,294.0,276,312
641,233.0,313.0,282,327
642,240.0,318.0,289,331
643,244.0,315.0,290,329
644,242.0,322.0,285,335
645,234.0,302.0,277,309
646,222.0,293.0,265,310
647,208.0,308.0,253,327
648,203.0,328.0,252,340
649,221.0,312.0,270,318
650,231.0,301.0,279,311
651,226.0,300.0,272,316
652,208.0,291.0,253,297
653,186.0,277.0,233,288
654,173.0,266.0,223,278
655,172.0,267.0,224,279
656,176.0,265.0,227,278
657,179.0,261.0,229,274
658,176.0,263.0,226,275
659,171.0,264.0,220,278
660,167.0,271.0,216,285
661,162.0,284.0,215,296
662,164.0,273.0,217,285
663,172.0,271.0,225,286
664,178.0,267.0,226,281
665,176.0,270.0,225,284
666,167.0,275.0,216,286
667,159.0,265.0,209,273
668,149.0,253.0,200,264
669,144.0,246.0,193,261
670,143.0,240.0,193,254
671,136.0,250.0,184,263
672,131.0,247.0,182,258
673,133.0,239.0,186,250
674,134.0,232.0,185,250
675,134.0,224.0,186,240
676,135.0,223.0,188,240
677,139.0,219.0,192,235
678,144.0,216.0,197,229
679,152.0,204.0,204,221
680,154.0,201.0,210,224
681,153.0,206.0,210,228
682,156.0,200.0,213,212
683,173.0,190.0,227,204
684,179.0,188.0,229,206
685,173.0,221.0,222,240
686,162.0,234.0,212,251
687,158.0,227.0,211,241
688,164.0,222.0,216,237
689,170.0,223.0,226,240
690,188.0,224.0,242,237
691,200.0,226.0,251,241
692,205.0,223.0,256,237
693,209.0,219.0,259,233
694,207.0,218.0,255,234
695,203.0,217.0,251,232
696,202.0,215.0,251,227
697,202.0,210.0,249,224
698,203.0,208.0,253,223
699,210.0,217.0,260,233
700,232.0,216.0,283,230
701,256.0,211.0,305,225
702,270.0,203.0,317,215
703,282.0,189.0,329,202
704,298.0,175.0,345,191
705,315.0,187.0,361,207
706,331.0,204.0,377,220
707,346.0,199.0,392,211
708,360.0,171.0,406,183
709,370.0,182.0,416,207
710,369.0,211.0,415,231
711,370.0,217.0,414,235
712,372.0,212.0,418,229
713,373.0,207.0,416,222
714,370.0,200.0,416,213
715,370.0,189.0,417,202
716,368.0,191.0,415,212
717,365.0,203.0,412,221
718,361.0,209.0,407,225
719,357.0,207.0,406,222
720,357.0,198.0,404,211
721,354.0,196.0,404,209
722,356.0,199.0,403,216
723,357.0,199.0,406,214
724,343.0,242.0,395,260
725,338.0,243.0,382,261
726,339.0,237.0,388,246
727,330.0,249.0,386,263
728,336.0,258.0,388,273
729,352.0,257.0,406,271
730,363.0,250.0,414,265
731,374.0,245.0,424,259
732,377.0,240.0,428,256
733,377.0,244.0,424,262
734,367.0,259.0,414,277
735,350.0,264.0,395,280
736,331.0,264.0,377,278
737,311.0,258.0,359,271
738,297.0,257.0,341,273
739,288.0,262.0,335,277
740,273.0,268.0,324,283
741,266.0,273.0,314,287
742,262.0,280.0,312,297
743,257.0,287.0,310,300
744,260.0,285.0,313,299
745,265.0,285.0,317,300
746,270.0,291.0,322,305
747,281.0,293.0,335,307
748,284.0,294.0,337,307
749,279.0,295.0,330,310
750,272.0,303.0,323,319
751,265.0,310.0,317,325
752,255.0,309.0,305,322
753,244.0,304.0,297,319
754,238.0,312.0,290,326
755,229.0,313.0,284,326
756,221.0,314.0,275,327
757,212.0,305.0,267,319
758,198.0,303.0,253,316
759,189.0,309.0,243,320
760,183.0,306.0,238,320
761,181.0,301.0,234,314
762,181.0,295.0,234,309
763,180.0,289.0,233,301
764,182.0,288.0,235,301
765,184.0,290.0,238,303
766,187.0,287.0,240,300
767,193.0,291.0,246,304
768,200.0,298.0,252,309
769,208.0,301.0,260,313
770,206.0,292.0,260,308
771,200.0,290.0,254,302
772,200.0,296.0,252,309
773,194.0,303.0,246,315
774,185.0,301.0,238,314
775,181.0,298.0,233,312
776,171.0,293.0,225,306
777,167.0,292.0,219,305
778,165.0,292.0,216,305
779,166.0,289.0,217,302
780,171.0,286.0,222,299
781,176.0,289.0,228,302
782,182.0,276.0,234,291
783,195.0,267.0,245,281
784,209.0,276.0,259,288
785,217.0,279.0,267,292
786,216.0,276.0,269,292
787,203.0,278.0,255,291
788,185.0,283.0,239,297
789,159.0,284.0,214,297
790,124.0,261.0,183,277
791,105.0,233.0,163,254
792,87.0,235.0,140,250
793,67.0,232.0,126,250
794,72.0,222.0,131,242
795,86.0,224.0,140,240
796,115.0,208.0,165,220
797,137.0,205.0,186,217
798,150.0,205.0,198,220
799,168.0,201.0,216,216
800,182.0,195.0,231,211
801,196.0,190.0,246,206
802,215.0,186.0,265,201
803,238.0,197.0,287,210
804,261.0,194.0,308,208
805,271.0,182.0,319,198
806,283.0,187.0,331,204
807,291.0,197.0,341,209
808,300.0,200.0,349,216
809,307.0,220.0,358,231
810,313.0,240.0,364,253
811,317.0,248.0,365,261
812,316.0,249.0,367,264
813,317.0,243.0,368,258
814,320.0,235.0,371,250
815,325.0,235.0,374,251
816,331.0,234.0,382,249
817,336.0,237.0,389,249
818,327.0,252.0,380,265
819,318.0,259.0,372,271
820,308.0,266.0,361,279
821,297.0,262.0,349,275
822,295.0,258.0,347,272
823,289.0,260.0,342,273
824,277.0,265.0,330,278
825,268.0,269.0,320,283
826,262.0,273.0,315,286
827,260.0,278.0,312,291
828,259.0,282.0,311,295
829,256.0,283.0,309,296
830,259.0,288.0,310,301
831,261.0,290.0,312,303
832,255.0,291.0,305,304
833,252.0,299.0,303,313
834,247.0,293.0,300,307
835,241.0,303.0,292,314
836,242.0,324.0,293,335
837,243.0,325.0,295,339
838,242.0,319.0,294,334
839,239.0,307.0,290,321
840,233.0,306.0,283,320
841,235.0,312.0,286,324
842,239.0,314.0,289,326
843,240.0,317.0,290,332
844,237.0,314.0,288,327
845,221.0,304.0,273,320
846,193.0,298.0,246,312
847,171.0,286.0,223,300
848,159.0,283.0,210,297
849,159.0,282.0,210,295
850,170.0,275.0,222,290
851,185.0,281.0,235,294
852,191.0,288.0,242,301
853,186.0,282.0,239,300
854,166.0,256.0,218,272
855,152.0,246.0,203,259
856,143.0,248.0,194,262
857,145.0,244.0,195,258
858,152.0,228.0,203,243
859,158.0,242.0,208,253
860,166.0,247.0,214,261
861,178.0,227.0,226,242
862,189.0,221.0,238,237
863,199.0,219.0,246,231
864,214.0,218.0,261,231
865,229.0,225.0,275,237
866,238.0,224.0,285,235
867,244.0,225.0,291,237
868,250.0,223.0,297,238
869,256.0,222.0,303,234
870,255.0,219.0,306,234
871,254.0,217.0,306,233
872,256.0,223.0,307,238
873,258.0,225.0,311,241
874,268.0,224.0,322,242
875,282.0,221.0,333,237
876,287.0,219.0,338,233
877,289.0,215.0,341,230
878,282.0,211.0,336,228
879,284.0,207.0,337,224
880,293.0,203.0,346,218
881,300.0,200.0,354,218
882,305.0,229.0,361,241
883,317.0,228.0,372,243
884,323.0,236.0,377,250
885,329.0,242.0,384,258
886,334.0,246.0,389,259
887,342.0,251.0,397,267
888,350.0,255.0,405,270
889,347.0,252.0,404,268
890,350.0,251.0,406,268
891,344.0,260.0,403,275
892,339.0,265.0,395,279
893,330.0,279.0,387,292
894,318.0,287.0,376,301
895,313.0,293.0,370,307
896,305.0,299.0,361,312
897,301.0,309.0,357,323
898,291.0,318.0,349,332
899,265.0,310.0,324,324
900,239.0,321.0,297,335
901,201.0,317.0,260,333
902,156.0,311.0,214,325
903,123.0,310.0,179,327
904,104.0,281.0,160,298
905,97.0,267.0,157,286
906,97.0,260.0,155,277
907,106.0,243.0,160,259
908,119.0,240.0,173,255
909,129.0,242.0,180,258
910,150.0,239.0,204,257
911,170.0,226.0,221,242
912,190.0,220.0,239,232
913,212.0,215.0,262,231
914,238.0,207.0,288,222
915,265.0,196.0,315,213
916,288.0,191.0,337,207
917,302.0,199.0,353,211
918,311.0,205.0,361,217
919,314.0,211.0,368,225
920,321.0,223.0,372,236
921,328.0,231.0,381,243
922,337.0,253.0,392,263
923,346.0,263.0,399,277
924,342.0,274.0,395,287
925,335.0,291.0,391,303
926,326.0,301.0,381,315
927,300.0,302.0,356,316
928,257.0,284.0,314,298
929,220.0,285.0,276,300
930,188.0,272.0,245,287
931,158.0,264.0,214,278
932,140.0,258.0,196,272
933,141.0,256.0,195,270
934,171.0,260.0,219,272
935,209.0,262.0,257,275
936,242.0,261.0,293,275
937,263.0,258.0,314,273
938,265.0,255.0,317,270
939,264.0,247.0,316,261
940,257.0,245.0,311,259
941,254.0,254.0,308,267
942,255.0,258.0,310,274
943,262.0,264.0,317,280
944,274.0,263.0,330,274
945,288.0,242.0,344,254
946,294.0,225.0,346,242
947,280.0,222.0,335,239
948,265.0,209.0,319,227
949,257.0,185.0,312,203
950,255.0,172.0,307,186
951,255.0,145.0,309,156
952,255.0,123.0,309,138
953,257.0,116.0,312,130
954,252.0,108.0,308,125
955,249.0,110.0,305,128
956,241.0,105.0,296,124
957,235.0,107.0,291,125
958,231.0,109.0,284,128
959,216.0,123.0,268,145
960,202.0,145.0,254,165
961,182.0,165.0,232,184
962,160.0,181.0,215,200
963,143.0,209.0,196,234
964,119.0,253.0,178,263
965,107.0,272.0,160,287
966,91.0,264.0,147,277
967,84.0,261.0,142,268
968,93.0,265.0,147,276
969,108.0,273.0,166,291
970,138.0,299.0,198,317
971,177.0,337.0,226,345
972,193.0,356.0,243,368
973,196.0,353.0,247,367
974,191.0,355.0,243,361
975,192.0,342.0,244,358
976,198.0,345.0,251,361
977,205.0,350.0,260,362
978,218.0,348.0,273,360
979,236.0,338.0,289,353
980,255.0,338.0,310,350
981,268.0,332.0,323,343
982,270.0,311.0,322,326
983,266.0,300.0,317,307
984,252.0,270.0,300,275
985,226.0,228.0,281,245
986,219.0,224.0,273,244
987,227.0,231.0,283,241
988,239.0,200.0,292,217
989,254.0,183.0,306,203
990,262.0,168.0,315,182
991,260.0,158.0,311,173
992,248.0,143.0,298,156
993,229.0,128.0,279,142
994,208.0,116.0,257,132
995,187.0,129.0,237,148
996,168.0,153.0,222,175
997,155.0,184.0,210,205
998,148.0,209.0,205,228
999,153.0,225.0,209,241
1000,163.0,235.0,223,253
1001,179.0,266.0,235,289
1002,188.0,302.0,243,319
1003,193.0,330.0,248,346
1004,200.0,330.0,257,341
1005,217.0,335.0,276,343
1006,243.0,327.0,301,339
1007,272.0,324.0,328,336
1008,296.0,331.0,353,347
1009,311.0,336.0,364,351
1010,316.0,334.0,368,346
1011,314.0,327.0,364,341
1012,308.0,314.0,353,327
1013,293.0,296.0,340,303
1014,274.0,260.0,323,267
1015,254.0,226.0,303,235
1016,244.0,215.0,296,227
1017,241.0,198.0,293,210
1018,241.0,193.0,290,206
1019,235.0,182.0,286,195
1020,233.0,181.0,286,204
1021,235.0,221.0,285,239
1022,223.0,224.0,271,232
1023,201.0,184.0,249,190
1024,182.0,161.0,230,179
1025,174.0,198.0,228,221
1026,166.0,235.0,218,255
1027,146.0,262.0,194,283
1028,135.0,287.0,187,305
1029,132.0,317.0,184,341
1030,132.0,349.0,190,368
1031,151.0,373.0,211,383
1032,183.0,355.0,242,369
1033,219.0,344.0,279,351
1034,252.0,348.0,306,370
1035,268.0,372.0,320,390
1036,280.0,391.0,333,406
1037,288.0,386.0,339,396
1038,289.0,361.0,339,373
1039,297.0,349.0,351,359
1040,304.0,336.0,356,352
1041,308.0,322.0,353,335
1042,306.0,317.0,347,331
1043,286.0,317.0,330,329
1044,266.0,295.0,312,303
1045,255.0,263.0,302,270
1046,251.0,231.0,298,239
1047,253.0,237.0,303,249
1048,257.0,226.0,306,239
1049,256.0,224.0,304,233
1050,255.0,199.0,303,205
1051,253.0,169.0,301,177
1052,253.0,160.0,299,182
1053,244.0,179.0,291,195
1054,232.0,187.0,277,203
1055,216.0,194.0,261,213
1056,201.0,220.0,248,240
1057,186.0,248.0,232,268
1058,159.0,272.0,207,285
1059,138.0,268.0,191,279
1060,128.0,269.0,177,286
1061,119.0,274.0,170,290
1062,118.0,283.0,172,301
1063,120.0,310.0,175,330
1064,128.0,334.0,185,346
1065,148.0,320.0,204,336
1066,160.0,347.0,215,364
1067,175.0,370.0,231,387
1068,201.0,390.0,259,413
1069,230.0,423.0,285,442
1070,250.0,411.0,311,418
1071,274.0,387.0,333,400
1072,303.0,368.0,359,376
1073,313.0,318.0,366,321
1074,312.0,277.0,361,293
1075,320.0,268.0,368,284
1076,317.0,273.0,363,297
1077,304.0,293.0,354,307
1078,295.0,285.0,346,298
1079,290.0,270.0,342,288
1080,287.0,254.0,338,270
1081,282.0,225.0,333,243
1082,277.0,223.0,329,237
1083,270.0,220.0,322,235
1084,264.0,215.0,316,231
1085,255.0,199.0,307,215
1086,237.0,192.0,290,208
1087,222.0,207.0,273,220
1088,218.0,226.0,269,237
1089,210.0,237.0,263,250
1090,199.0,237.0,253,251
1091,195.0,233.0,246,247
1092,189.0,245.0,242,257
1093,190.0,262.0,241,274
1094,190.0,280.0,243,291
1095,196.0,286.0,247,299
1096,204.0,287.0,256,299
1097,214.0,292.0,265,305
1098,228.0,301.0,279,312
1099,245.0,303.0,296,316
1100,258.0,324.0,308,335
1101,264.0,319.0,315,335
1102,268.0,311.0,319,325
1103,266.0,312.0,318,325
1104,264.0,308.0,317,322
1105,264.0,283.0,316,298
1106,269.0,283.0,320,296
1107,267.0,281.0,320,296
1108,258.0,275.0,312,290
1109,251.0,267.0,304,282
1110,245.0,259.0,299,274
1111,243.0,260.0,296,274
1112,245.0,259.0,297,273
1113,254.0,250.0,305,265
1114,261.0,243.0,313,258
1115,270.0,243.0,321,257
1116,278.0,247.0,330,262
1117,284.0,258.0,336,271
1118,289.0,267.0,341,280
1119,295.0,280.0,347,293
1120,299.0,288.0,351,302
1121,299.0,295.0,351,309
1122,299.0,301.0,350,315
1123,299.0,312.0,350,325
1124,301.0,325.0,353,338
1125,302.0,335.0,353,348
1126,304.0,334.0,354,348
1127,303.0,347.0,353,360
1128,295.0,362.0,348,375
1129,288.0,366.0,340,379
1130,278.0,367.0,331,381
1131,267.0,363.0,319,377
1132,255.0,376.0,307,388
1133,246.0,384.0,298,398
1134,238.0,387.0,289,400
1135,229.0,388.0,281,402
1136,220.0,387.0,273,400
1137,212.0,379.0,264,394
1138,204.0,364.0,256,379
1139,196.0,361.0,249,374
1140,180.0,357.0,233,371
1141,165.0,347.0,218,361
1142,152.0,341.0,206,354
1143,140.0,341.0,193,353
1144,129.0,332.0,183,347
1145,119.0,322.0,172,335
1146,114.0,317.0,167,331
1147,111.0,302.0,165,316
1148,109.0,291.0,163,306
1149,111.0,270.0,164,286
1150,108.0,247.0,163,266
1151,114.0,234.0,168,248
1152,123.0,220.0,175,236
1153,127.0,207.0,180,224
1154,137.0,198.0,190,213
1155,143.0,196.0,198,212
1156,162.0,181.0,214,197
1157,182.0,173.0,236,191
1158,198.0,166.0,251,184
1159,211.0,164.0,264,180
1160,231.0,165.0,283,180
1161,249.0,170.0,300,186
1162,264.0,174.0,313,189
1163,277.0,179.0,329,195
1164,292.0,186.0,344,202
1165,302.0,188.0,353,204
1166,305.0,204.0,357,216
1167,305.0,214.0,356,227
1168,303.0,227.0,354,239
1169,301.0,255.0,353,268
1170,300.0,267.0,352,279
1171,299.0,279.0,351,293
1172,297.0,282.0,348,295
1173,295.0,288.0,346,302
1174,292.0,326.0,345,336
1175,290.0,340.0,342,353
1176,287.0,351.0,339,364
1177,284.0,356.0,334,369
1178,275.0,368.0,328,380
1179,262.0,376.0,316,389
1180,245.0,374.0,299,387
1181,228.0,368.0,281,382
1182,209.0,361.0,263,375
1183,191.0,353.0,244,366
1184,172.0,345.0,227,359
1185,158.0,341.0,213,354
1186,146.0,334.0,200,347
1187,132.0,329.0,187,344
1188,124.0,317.0,178,330
1189,118.0,299.0,171,314
1190,113.0,298.0,168,312
1191,112.0,259.0,168,277
1192,108.0,236.0,161,252
1193,119.0,221.0,172,235
1194,139.0,214.0,193,231
1195,154.0,204.0,205,218
1196,171.0,191.0,223,207
1197,193.0,189.0,244,205
1198,210.0,194.0,261,208
1199,228.0,203.0,278,216
1200,244.0,212.0,293,224
1201,254.0,225.0,304,238
1202,265.0,243.0,316,254
1203,273.0,273.0,323,286
1204,278.0,285.0,330,298
1205,285.0,289.0,334,304
1206,284.0,300.0,336,312
1207,281.0,306.0,332,319
1208,271.0,317.0,323,329
1209,257.0,319.0,310,332
1210,241.0,324.0,294,338
1211,224.0,324.0,276,337
1212,209.0,324.0,262,337
1213,194.0,324.0,249,337
1214,179.0,320.0,234,333
1215,165.0,317.0,217,330
1216,153.0,314.0,207,328
1217,139.0,282.0,195,299
1218,126.0,273.0,180,287
1219,124.0,264.0,178,278
1220,120.0,254.0,175,270
1221,125.0,234.0,178,250
1222,140.0,219.0,194,236
1223,163.0,208.0,216,226
1224,195.0,188.0,246,206
1225,221.0,180.0,271,197
1226,243.0,184.0,292,198
1227,270.0,202.0,320,215
1228,285.0,224.0,338,238
1229,296.0,221.0,346,237
1230,298.0,221.0,349,237
1231,295.0,237.0,345,248
1232,279.0,269.0,332,280
1233,263.0,291.0,317,302
1234,246.0,302.0,299,315
1235,227.0,311.0,280,324
1236,209.0,314.0,264,327
1237,183.0,309.0,237,323
1238,164.0,299.0,217,313
1239,155.0,280.0,209,296
1240,145.0,260.0,199,276
1241,142.0,251.0,195,265
1242,149.0,250.0,200,265
1243,156.0,241.0,208,257
1244,166.0,224.0,219,240
1245,175.0,213.0,228,230
1246,189.0,211.0,241,225
1247,208.0,215.0,259,229
1248,223.0,223.0,274,237
1249,241.0,230.0,292,244
1250,253.0,236.0,304,249
1251,257.0,243.0,309,257
1252,254.0,242.0,307,256
1253,247.0,236.0,300,251
1254,237.0,234.0,290,248
1255,230.0,233.0,284,248
1256,225.0,235.0,278,249
1257,225.0,240.0,278,253
1258,232.0,248.0,282,260
1259,243.0,258.0,294,271
1260,257.0,263.0,307,275
1261,265.0,284.0,315,296
1262,273.0,294.0,323,307
1263,281.0,294.0,331,307
1264,285.0,300.0,336,311
1265,286.0,308.0,337,321
1266,286.0,314.0,337,326
1267,281.0,319.0,333,332
1268,267.0,333.0,319,346
1269,251.0,347.0,304,358
1270,232.0,359.0,285,372
1271,217.0,360.0,270,373
1272,202.0,364.0,254,376
1273,181.0,365.0,234,378
1274,163.0,358.0,215,372
1275,149.0,354.0,201,367
1276,133.0,340.0,186,354
1277,116.0,332.0,169,345
1278,108.0,324.0,160,337
1279,103.0,313.0,155,328
1280,104.0,293.0,157,310
1281,104.0,266.0,156,281
1282,107.0,250.0,159,265
1283,119.0,235.0,170,250
1284,126.0,233.0,176,250
1285,136.0,225.0,188,239
1286,149.0,198.0,202,217
1287,163.0,175.0,214,194
1288,188.0,160.0,238,178
1289,201.0,159.0,251,175
1290,214.0,157.0,265,172
1291,232.0,159.0,283,175
1292,246.0,158.0,295,174
1293,265.0,164.0,314,178
1294,278.0,176.0,327,190
1295,304.0,187.0,352,201
1296,306.0,186.0,357,202
1297,301.0,178.0,352,194
1298,303.0,185.0,354,200
1299,299.0,205.0,351,218
1300,292.0,222.0,344,236
1301,290.0,239.0,341,251
1302,289.0,249.0,341,262
1303,292.0,265.0,344,274
1304,302.0,283.0,352,293
1305,308.0,312.0,358,323
1306,311.0,333.0,363,344
1307,314.0,344.0,366,357
1308,313.0,351.0,364,365
1309,308.0,352.0,359,364
1310,303.0,350.0,352,365
1311,293.0,355.0,342,370
1312,281.0,361.0,328,374
1313,264.0,364.0,311,379
1314,248.0,366.0,296,379
1315,233.0,368.0,281,381
1316,218.0,366.0,266,379
1317,208.0,367.0,258,378
1318,199.0,363.0,248,374
1319,188.0,352.0,238,362
1320,176.0,331.0,225,339
1321,162.0,315.0,212,324
1322,155.0,298.0,206,306
1323,148.0,286.0,202,297
1324,148.0,273.0,203,280
1325,151.0,259.0,206,265
1326,154.0,226.0,210,234
1327,163.0,203.0,219,209
1328,176.0,186.0,235,195
1329,188.0,173.0,247,187
1330,202.0,168.0,258,181
1331,221.0,160.0,276,174
1332,236.0,153.0,291,169
1333,254.0,155.0,312,172
1334,271.0,161.0,327,180
1335,289.0,184.0,348,206
1336,313.0,204.0,367,227
1337,329.0,222.0,384,239
1338,344.0,220.0,396,233
1339,345.0,211.0,397,224
1340,345.0,201.0,397,214
1341,343.0,189.0,397,202
1342,340.0,185.0,391,199
1343,335.0,176.0,387,187
1344,333.0,150.0,383,163
1345,326.0,128.0,378,143
1346,325.0,119.0,376,136
1347,321.0,108.0,373,123
1348,319.0,95.0,369,112
1349,311.0,92.0,362,109
1350,302.0,96.0,353,115
1351,291.0,101.0,342,119
1352,283.0,107.0,334,126
1353,278.0,115.0,329,133
1354,265.0,127.0,313,146
1355,244.0,137.0,293,154
1356,226.0,140.0,274,158
1357,197.0,147.0,248,162
1358,175.0,150.0,224,168
1359,156.0,159.0,206,176
1360,138.0,168.0,192,185
1361,138.0,172.0,194,190
1362,147.0,189.0,206,208
1363,166.0,206.0,225,222
1364,182.0,221.0,241,235
1365,196.0,225.0,253,238
1366,208.0,227.0,264,243
1367,209.0,244.0,263,264
1368,206.0,275.0,261,293
1369,212.0,294.0,273,308
1370,236.0,300.0,296,315
1371,258.0,302.0,318,312
1372,278.0,281.0,336,289
1373,295.0,263.0,351,278
1374,311.0,268.0,369,281
1375,326.0,265.0,382,278
1376,336.0,258.0,390,273
1377,346.0,255.0,396,270
1378,338.0,255.0,386,270
1379,316.0,250.0,366,264
1380,295.0,243.0,344,254
1381,275.0,229.0,326,241
1382,268.0,224.0,322,239
1383,272.0,226.0,327,239
1384,282.0,223.0,339,237
1385,291.0,223.0,346,238
1386,293.0,228.0,347,245
1387,292.0,235.0,345,250
1388,286.0,232.0,339,244
1389,276.0,224.0,329,237
1390,271.0,224.0,325,241
1391,270.0,242.0,323,256
1392,266.0,240.0,320,254
1393,265.0,241.0,321,254
1394,262.0,239.0,316,252
1395,258.0,238.0,313,253
1396,262.0,248.0,316,264
1397,264.0,261.0,318,279
1398,269.0,278.0,325,295
1399,275.0,287.0,328,300
1400,279.0,311.0,333,322
1401,285.0,329.0,338,341
1402,286.0,338.0,339,350
1403,289.0,344.0,342,357
1404,287.0,345.0,341,359
1405,280.0,344.0,335,358
1406,267.0,343.0,322,356
1407,252.0,339.0,307,353
1408,230.0,333.0,287,347
1409,212.0,329.0,267,342
1410,199.0,328.0,255,341
1411,188.0,324.0,243,337
1412,177.0,317.0,233,331
1413,174.0,287.0,229,304
1414,171.0,277.0,226,291
1415,173.0,259.0,229,276
1416,173.0,213.0,229,233
1417,177.0,207.0,232,221
1418,182.0,180.0,237,198
1419,179.0,167.0,236,185
1420,185.0,167.0,240,183
1421,190.0,167.0,245,183
1422,197.0,169.0,251,185
1423,210.0,167.0,264,183
1424,219.0,167.0,273,183
1425,234.0,171.0,287,186
1426,248.0,173.0,302,188
1427,261.0,176.0,315,192
1428,277.0,180.0,330,195
1429,285.0,171.0,339,188
1430,292.0,167.0,346,182
1431,318.0,174.0,369,189
1432,339.0,170.0,392,187
1433,343.0,177.0,397,193
1434,354.0,161.0,405,181
1435,371.0,129.0,422,150
1436,375.0,110.0,427,129
1437,363.0,96.0,416,117
1438,335.0,76.0,388,98
1439,296.0,51.0,351,72
1440,263.0,31.0,318,53
1441,237.0,31.0,292,47
1442,234.0,47.0,287,63
1443,233.0,68.0,286,83
1444,234.0,89.0,286,104
1445,225.0,112.0,279,126
1446,216.0,116.0,269,134
1447,204.0,109.0,258,126
1448,181.0,109.0,236,126
1449,161.0,107.0,216,124
1450,150.0,105.0,206,122
1451,150.0,101.0,203,118
1452,162.0,106.0,215,121
1453,168.0,126.0,222,139
1454,167.0,150.0,221,163
1455,159.0,167.0,214,179
1456,143.0,181.0,200,193
1457,121.0,196.0,179,209
1458,114.0,200.0,169,214
1459,118.0,201.0,174,215
1460,120.0,212.0,174,223
1461,132.0,244.0,185,254
1462,142.0,259.0,197,271
1463,147.0,262.0,203,274
1464,163.0,269.0,215,283
1465,190.0,268.0,240,283
1466,223.0,281.0,273,292
1467,249.0,296.0,301,309
1468,247.0,303.0,301,315
1469,242.0,312.0,295,325
1470,236.0,328.0,289,340
1471,221.0,339.0,275,350
1472,205.0,338.0,260,353
1473,204.0,297.0,257,317
1474,213.0,289.0,266,305
1475,221.0,290.0,273,305
1476,230.0,279.0,282,294
1477,238.0,277.0,290,292
1478,245.0,270.0,297,284
1479,249.0,264.0,302,280
1480,256.0,263.0,308,278
1481,263.0,239.0,315,255
1482,269.0,225.0,320,243
1483,270.0,224.0,322,239
1484,264.0,224.0,316,239
1485,262.0,233.0,313,247
1486,268.0,237.0,319,252
1487,279.0,246.0,330,261
1488,291.0,250.0,342,264
1489,303.0,236.0,352,251
1490,306.0,233.0,357,249
1491,292.0,210.0,344,225
1492,271.0,197.0,324,214
1493,249.0,203.0,302,219
1494,230.0,197.0,283,212
1495,213.0,207.0,266,222
1496,198.0,218.0,250,233
1497,176.0,223.0,230,237
1498,152.0,227.0,208,241
1499,136.0,227.0,193,244
1500,115.0,236.0,170,249
1501,98.0,240.0,155,258
1502,88.0,245.0,145,263
1503,78.0,253.0,133,272
1504,76.0,266.0,128,283
1505,72.0,280.0,125,298
1506,70.0,280.0,127,300
1507,67.0,284.0,120,302
1508,65.0,288.0,117,304
1509,64.0,285.0,117,301
1510,63.0,272.0,116,294
1511,72.0,254.0,124,271
1512,86.0,230.0,137,248
1513,113.0,221.0,163,240
1514,141.0,216.0,194,231
1515,169.0,212.0,220,228
1516,206.0,209.0,256,225
1517,247.0,208.0,295,225
1518,286.0,207.0,334,223
1519,302.0,212.0,352,226
1520,301.0,222.0,352,236
1521,288.0,219.0,341,235
1522,260.0,220.0,316,236
1523,227.0,223.0,284,239
1524,194.0,220.0,251,235
1525,174.0,221.0,229,234
1526,159.0,223.0,215,238
1527,135.0,222.0,193,237
1528,115.0,218.0,171,233
1529,99.0,222.0,156,235
1530,70.0,226.0,127,241
1531,45.0,233.0,100,245
1532,59.0,223.0,112,238
1533,91.0,213.0,142,227
1534,113.0,211.0,162,227
1535,126.0,207.0,178,221
1536,125.0,209.0,177,223
1537,120.0,214.0,173,228
1538,127.0,214.0,180,229
1539,137.0,215.0,189,228
1540,135.0,216.0,188,231
1541,128.0,218.0,181,232
1542,123.0,212.0,176,228
1543,118.0,212.0,171,226
1544,122.0,214.0,173,229
1545,131.0,210.0,182,225
1546,133.0,211.0,183,226
1547,134.0,211.0,185,226
1548,149.0,209.0,197,224
1549,193.0,205.0,237,220
1550,241.0,205.0,286,220
1551,279.0,208.0,323,224
1552,307.0,212.0,354,228
1553,320.0,214.0,369,230
1554,332.0,218.0,382,233
1555,346.0,213.0,395,231
1556,356.0,204.0,406,221
1557,348.0,221.0,400,235
1558,328.0,245.0,382,260
1559,295.0,261.0,349,276
1560,270.0,268.0,323,279
1561,260.0,270.0,311,285
1562,254.0,259.0,304,273
1563,247.0,252.0,298,268
1564,236.0,257.0,287,270
1565,222.0,258.0,271,271
1566,212.0,260.0,260,274
1567,212.0,260.0,259,273
1568,230.0,267.0,276,282
1569,235.0,265.0,279,282
1570,230.0,257.0,274,271
1571,224.0,243.0,272,262
1572,210.0,249.0,255,266
1573,202.0,253.0,246,267
1574,203.0,254.0,246,270
1575,209.0,258.0,252,274
1576,213.0,258.0,256,273
1577,211.0,253.0,255,271
1578,209.0,242.0,254,259
1579,202.0,225.0,248,244
1580,195.0,208.0,243,224
1581,190.0,186.0,239,205
1582,181.0,160.0,231,179
1583,177.0,135.0,228,154
1584,175.0,113.0,227,133
1585,172.0,94.0,226,115
1586,172.0,77.0,225,98
1587,174.0,56.0,228,79
1588,167.0,29.0,222,53
1589,154.0,6.0,210,25
1590,154.5,9.0,200,7
1591,155.0,12.0,201,3
1592,155.5,15.0,204,8
1593,156.0,18.0,209,34
1594,160.0,59.0,213,74
1595,167.0,83.0,218,100
1596,175.0,92.0,226,109
1597,182.0,102.0,233,120
1598,182.0,112.0,233,127
1599,186.0,129.0,233,143
1600,210.0,152.0,256,165
1601,229.0,177.0,278,180
1602,256.0,233.0,302,241
1603,284.0,309.0,328,310
1604,291.0,367.0,342,370
1605,289.0,391.0,340,406
1606,281.0,348.0,333,367
1607,275.0,262.0,327,289
1608,260.0,172.0,310,199
1609,238.0,90.0,290,109
1610,233.0,108.0,280,123
1611,229.0,175.0,277,187
1612,220.0,194.0,268,207
1613,222.0,197.0,268,208
1614,219.0,225.0,266,237
1615,228.0,239.0,276,251
1616,232.0,230.0,279,245
1617,235.0,214.0,281,230
1618,237.0,207.0,284,221
1619,239.0,208.0,287,221
1620,238.0,219.0,286,230
1621,238.0,234.0,286,247
1622,238.0,231.0,285,247
1623,235.0,218.0,283,236
1624,230.0,206.0,276,220
1625,225.0,215.0,272,227
1626,222.0,243.0,269,254
1627,223.0,263.0,269,276
1628,224.0,258.0,270,270
1629,220.0,251.0,265,263
1630,220.0,243.0,266,260
1631,223.0,251.0,268,267
1632,224.0,259.0,269,275
1633,227.0,253.0,272,266
1634,230.0,246.0,276,256
1635,240.0,237.0,286,252
1636,251.0,240.0,297,258
1637,263.0,258.0,307,283
1638,268.0,296.0,310,317
1639,261.0,319.0,301,338
1640,252.0,333.0,293,347
1641,247.0,335.0,291,350
1642,250.0,345.0,298,360
1643,255.0,358.0,301,374
1644,252.0,365.0,297,380
1645,245.0,377.0,290,391
1646,233.0,385.0,276,401
1647,210.0,392.0,253,405
1648,184.0,391.0,222,403
1649,157.0,390.0,200,403
1650,142.0,395.0,185,409
1651,127.0,399.0,171,412
1652,110.0,398.0,154,410
1653,91.0,396.0,133,410
1654,73.0,395.0,115,406
1655,56.0,393.0,98,406
1656,43.0,386.0,86,397
1657,35.0,381.0,80,392
1658,40.0,368.0,88,380
1659,52.0,358.0,99,369
1660,59.0,341.0,111,345
1661,72.0,299.0,123,309
1662,78.0,282.0,130,291
1663,83.0,271.0,131,285
1664,88.0,269.0,138,282
1665,90.0,263.0,142,273
1666,97.0,249.0,148,263
1667,103.0,240.0,156,250
1668,110.0,227.0,161,238
1669,120.0,202.0,172,211
1670,128.0,183.0,180,194
1671,135.0,166.0,188,183
1672,153.0,165.0,207,179
1673,177.0,169.0,232,184
1674,197.0,179.0,253,200
1675,227.0,200.0,283,219
1676,254.0,223.0,308,241
1677,275.0,239.0,328,256
1678,292.0,230.0,340,241
1679,298.0,208.0,346,216
1680,300.0,174.0,347,184
1681,306.0,142.0,353,155
1682,303.0,147.0,349,166
1683,286.0,137.0,331,151
1684,266.0,110.0,313,125
1685,250.0,95.0,295,113
1686,232.0,90.0,277,111
1687,209.0,90.0,255,105
1688,181.0,80.0,229,99
1689,161.0,77.0,210,97
1690,147.0,86.0,196,104
1691,135.0,93.0,185,114
1692,125.0,110.0,182,131
1693,115.0,135.0,168,155
1694,101.0,159.0,153,178
1695,90.0,185.0,143,207
1696,93.0,193.0,151,207
1697,107.0,187.0,164,197
1698,124.0,195.0,182,207
1699,154.0,196.0,211,220
1700,186.0,222.0,243,241
1701,205.0,239.0,255,256
1702,201.0,254.0,248,273
1703,204.0,276.0,253,295
1704,206.0,284.0,253,296
1705,201.0,279.0,251,290
1706,204.0,269.0,256,280
1707,217.0,250.0,272,260
1708,235.0,225.0,285,235
1709,235.0,203.0,284,214
1710,233.0,196.0,281,215
1711,231.0,196.0,281,213
1712,231.0,210.0,281,228
1713,229.0,226.0,280,242
1714,235.0,224.0,287,235
1715,243.0,205.0,294,219
1716,250.0,200.0,303,215
1717,262.0,191.0,314,205
1718,269.0,189.0,322,205
1719,283.0,214.0,338,232
1720,304.0,222.0,356,240
1721,315.0,211.0,370,220
1722,319.0,240.0,374,244
1723,323.0,251.0,374,266
1724,331.0,253.0,381,268
1725,336.0,247.0,389,263
1726,334.0,266.0,386,278
1727,330.0,274.0,384,286
1728,329.0,288.0,379,302
1729,314.0,292.0,367,305
1730,295.0,287.0,346,302
1731,279.0,289.0,330,302
1732,267.0,291.0,317,304
1733,256.0,301.0,304,312
1734,257.0,319.0,304,329
1735,259.0,322.0,306,337
1736,254.0,318.0,303,333
1737,247.0,319.0,295,331
1738,234.0,320.0,280,333
1739,215.0,316.0,263,327
1740,186.0,316.0,239,331
1741,140.0,308.0,193,320
1742,110.0,300.0,161,314
1743,99.0,290.0,150,303
1744,100.0,281.0,152,296
1745,109.0,276.0,158,293
1746,111.0,266.0,162,280
1747,108.0,263.0,160,275
1748,96.0,269.0,152,282
1749,79.0,283.0,134,293
1750,71.0,288.0,124,304
1751,77.0,280.0,128,294
1752,95.0,228.0,147,246
1753,111.0,208.0,161,225
1754,118.0,220.0,167,235
1755,129.0,227.0,179,237
1756,142.0,225.0,192,242
1757,151.0,217.0,201,233
1758,167.0,207.0,217,223
1759,185.0,201.0,234,217
1760,189.0,200.0,241,216
1761,184.0,198.0,236,214
1762,190.0,183.0,241,199
1763,200.0,164.0,251,182
1764,207.0,143.0,257,164
1765,221.0,147.0,268,163
1766,230.0,151.0,280,168
1767,231.0,155.0,283,171
1768,258.0,160.0,305,174
1769,282.0,161.0,329,176
1770,308.0,155.0,355,174
1771,329.0,141.0,377,159
1772,342.0,132.0,389,150
1773,345.0,138.0,397,157
1774,351.0,131.0,400,148
1775,349.0,142.0,403,149
1776,351.0,168.0,402,179
1777,351.0,176.0,401,192
1778,358.0,172.0,408,187
1779,367.0,173.0,419,187
1780,376.0,182.0,425,197
1781,385.0,191.0,435,207
1782,396.0,199.0,445,215
1783,406.0,203.0,455,219
1784,418.0,204.0,470,222
1785,428.0,200.0,479,216
1786,428.0,212.0,481,226
1787,426.0,232.0,476,245
1788,424.0,242.0,476,257
1789,410.0,251.0,465,266
1790,388.0,257.0,444,271
1791,368.0,258.0,423,273
1792,341.0,250.0,398,266
1793,316.0,243.0,370,258
1794,292.0,243.0,347,257
1795,273.0,252.0,328,265
1796,261.0,257.0,315,270
1797,247.0,254.0,302,269
